ab;Ab morgen muss ich arbeiten.;from (starting from)
aber;Ich bin oft im Büro, aber nur für wenige Stunden.;but (contrasting)
abfahren;Wir fahren um zwölf Uhr ab.;to depart (vehicle/train leaving)
die Abfahrt;Vor der Abfahrt rufe ich an.;departure (the act of leaving)
abgeben;Ich muss meine Schlüssel abgeben.;to hand in (returning something)
abholen;Wann kann ich den Schrank bei dir abholen? / Wir müssen noch meinen Bruder abholen.;to pick up (collecting something/someone)
der Absender;Da ist ein Brief für dich ohne Absender.;sender (person who sent something)
Achtung;Achtung! Das dürfen Sie nicht tun.;attention/caution (warning)
die Adresse,-en;Können Sie mir seine Adresse sagen?;address (location/postal address)
all-;Alles Gute! / Das ist alles. / Sind alle da? / Alle Freunde kommen. / Hast du alles?;all/everything/everyone (various forms)
allein;Er kommt allein.;alone (by himself)
also;Also, es ist so: ... / Er hat Zeit, also muss er uns helfen.;so/therefore (connector introducing explanation or conclusion)
alt;Wie alt sind Sie? / Sie sehen aber nicht so alt aus. / Mein Auto ist schon sehr alt. / Wir wohnen in einem sehr alten Haus. / Köln ist eine alte Stadt.;old (age/old things/old city)
das Alter;Alter: 26 Jahre.;age (years of age)
an;Fahren Sie an der nächsten Straße nach rechts. / Wir treffen uns am Bahnhof. / Am nächsten Montag geht es leider nicht.;at/on (preposition - at the street, at the station, on Monday)
anbieten;Was darf ich dir anbieten?;to offer (what can I offer you)
das Angebot, -e;Heute sind Sportschuhe im Angebot.;offer/sale (shoes on sale)
ander-;WiIlst du diese Jacke? – Nein, ich möchte die andere.;other/another (different one)
anfangen;Hier fängt die Bahnhofstraße an. / Der Unterricht fängt gleich an.;to start/begin (street starts, class starts)
der Anfang;Sie wohnt am Anfang der Straße. / Wir machen Anfang Juli Urlaub.;beginning/start (start of street, beginning of July)
anklicken;Da musst du dieses Wort anklicken.;to click (click on the word)
ankommen;Wann kommt dieser Zug in Hamburg an?;to arrive (train arriving)
die Ankunft;Auf diesem Plan steht nur die Ankunft(-szeit) der Züge.;arrival (arrival time)
ankreuzen;Auf dem Formular müssen Sie an mehreren Stellen etwas ankreuzen.;to check/tick (check boxes on form)
anmachen;Mach bitte das Licht an!;to turn on (turn on the light)
(sich) anmelden;Wo kann ich mich anmelden?;to register/sign up (where to register)
die Anmeldung;Eine Anmeldung für diesen Kurs ist nicht mehr möglich.;registration (course registration)
die Anrede;Schreiben Sie auch eine Anrede und einen Gruß.;salutation/greeting (greeting in letter)
anrufen;Kann man Sie anrufen? / Peter ruft kurz seine Freundin an.;to call (call someone on phone)
der Anruf, -e;Sie bekommt viele Anrufe auf ihrem Handy.;call (phone call)
der Anrufbeantworter;Wir sind im Moment nicht da. Sprechen Sie bitte auf den Anrufbeantworter.;answering machine (leave message)
die Ansage, -n;Hören Sie die Ansagen.;announcement (hear announcements)
der Anschluss;In Mannheim haben Sie Anschluss nach Saarbrücken. / Ist das die Anmeldung für einen Telefonanschluss?;connection (train connection, phone connection)
an sein;Heute Nacht war das Licht an.;to be on (light is on)
antworten;Er antwortet nicht.;to answer (answer/respond)
die Antwort, -en;Er gibt leider keine Antwort.;answer (response)
die Anzeige, -n;Ich habe Ihre Anzeige in der Zeitung gelesen.;advertisement (ad in newspaper)
(sich) anziehen;Ich muss mich noch anziehen.;to get dressed (put on clothes)
das Apartment, -s;Wir haben ein Apartment gemietet.;apartment (rented apartment)
der Apfel, -Ä;Ein Pfund Äpfel bitte.;apple (fruit)
der Appetit;Guten Appetit!;appetite (good appetite greeting)
arbeiten;Wo arbeiten Sie?;to work (where do you work)
die Arbeit, -en;Mein Bruder sucht Arbeit.;work/job (looking for job)
arbeitslos;Es gibt bei uns viele Leute, die schon lange arbeitslos sind.;unemployed (people without work)
der Arbeitsplatz, -ä, e;An meinem Arbeitsplatz fehlt ein Drucker.;workplace (location of work)
der Arm, -e;Mein Arm tut weh.;arm (body part)
der Arzt, -Ä, e;Morgen habe ich einen Termin bei meiner Ärztin.;doctor (medical professional)
auch;Ich bin auch Spanier.;also/too (additional person or thing)
auf;Die Kinder spielen auf der Straße. / Auf Wiedersehen. / Wie heißt das auf Deutsch?;on/at (preposition - on the street, goodbye, in German)
die Aufgabe, -n;Das ist eine schwere Aufgabe.;task/exercise (something to complete)
aufhören;Der Kurs hört in einer Woche auf. / Hier hört die Bahnhofstraße auf.;to stop/end (course ends, street ends)
auf sein;Du brauchst den Schlüssel nicht. Die Wohnung ist auf.;to be open (door/apartment is open)
aufstehen;Ich muss immer um vier Uhr aufstehen. / Soll ich aufstehen?;to get up (rise from bed, stand up)
der Aufzug, -ü, e;In diesem Haus gibt es keinen Aufzug.;elevator (lift in building)
das Auge, -n;Er hat blaue Augen.;eye (body part)
aus;Er kommt aus Brasilien.;from/out of (origin - from Brazil)
der Ausflug;Morgen machen wir einen Ausflug nach Heidelberg.;excursion/trip (day trip)
ausfüllen;Füllen Sie bitte dieses Formular aus.;to fill out (complete form)
der Ausgang;Wo ist der Ausgang?;exit (way out)
die Auskunft, -ü, e;Können Sie mir eine Auskunft geben?;information (requesting information)
das Ausland;Fahren Sie ins Ausland?;abroad (foreign countries)
der Ausländer, -;SInd Sie Ausländerin?;foreigner (person from another country)
ausländisch;Leider habe ich nur ausländisches Geld.;foreign (from another country)
ausmachen;Mach bitte das Licht aus!;to turn off (turn off the light)
die Aussage, -n;Ist die Aussage richtig oder falsch?;statement (declaration or claim)
aussehen;Das sieht schön aus.;to look (appearance)
aus sein;Das Licht ist aus. / Die Schule ist aus.;to be off/finished (light off, school finished)
aussteigen;Wo muss ich aussteigen?;to get off (exit vehicle)
der Ausweis;Hier ist mein Ausweis.;ID card (identification document)
(sich) ausziehen;Zieh die Schuhe aus, bitte!;to take off (remove shoes/clothes)
das Auto, -s;Er kommt mit dem Auto.;car (vehicle)
die Autobahn, -en;Wo geht's hier bitte zur Autobahn?;highway (motorway)
der Automat;Die Fahrkarten gibt es nur am Automaten.;machine (ticket machine)
automatisch;Du musst nichts machen. Das geht automatisch.;automatically (happens by itself)
das Baby, -s;Mein Kind ist noch ein Baby.;baby (infant)
die Bäckerei;Ich geh mal schnell zur Bäckerei.;bakery (bread shop)
das Bad;Wir haben kein großes Bad.;bathroom (room with bathtub)
baden;Ich bade nicht so gern, ich dusche lieber.;to bathe (take a bath)
die Bahn;Wir fahren lieber mit der Bahn. / Ich nehme die nächste Bahn.;train (railway)
der Bahnhof;Komme ich hier zum Bahnhof?;train station (railway station)
der Bahnsteig;Auf welchem Bahnsteig fährt der Zug?;platform (train platform)
bald;Ich komme bald.;soon (in a short time)
der Balkon;Die Wohnung hat auch einen kleinen Balkon.;balcony (outdoor area)
die Banane, -n;Drei Bananen, bitte!;banana (fruit)
die Bank;Die Bank schließt schon um vier Uhr. / Er sitzt im Park auf einer Bank und liest.;bank/bench (financial institution or seat)
bar;Muss ich bar zahlen oder geht's auch mit Karte?;cash (money in hand)
der Bauch;Seit gestern tut mir der Bauch weh.;stomach (body part)
der Baum, -ä, e;Vorsicht, fahr nicht an den Baum!;tree (plant)
der Beamte, -n;Fragen Sie die Beamtin an Schalter acht!;civil servant (official worker)
bedeuten;Was bedeutet das Wort?;to mean (what does it mean)
beginnen;Das Spiel beginnt um 15.30 Uhr.;to begin (start)
bei;Offenbach liegt bei Frankfurt. / Ich wohne bei meinen Eltern. / Bei uns regnet es heute. / Er arbeitet bei der Polizei.;near/at/with (preposition - near Frankfurt, living with parents, at our place, working at)
beide;Beide Eltern arbeiten. / Wir kommen beide.;both (the two of them)
das Bein, -e;Mein rechtes Bein tut weh.;leg (body part)
das Beispiel, -e;Kannst du mir ein Beispiel sagen?;example (illustration)
zum Beispiel/z. B.;Viele meiner Verwandten, z. B. meine beiden Brüder, arbeiten auch hier.;for example (e.g.)
bekannt;Picasso ist sehr bekannt.;famous (well-known)
der/die Bekannte, -n;Ein Bekannter von mir heißt Klaus.;acquaintance (person you know)
bekommen;Haben Sie meinen Brief bekommen? / Was bekommen Sie? / Dieses Medikament bekommen Sie in der Apotheke.;to receive/get (receive letter, get medication)
benutzen;Die Aufzüge bitte nicht benutzen!;to use (use elevators)
der Beruf, -e;Was sind Sie von Beruf? / Was ist Ihr Beruf?;profession (occupation)
besetzt;Die Nummer ist immer besetzt. / Der Platz ist besetzt.;occupied/busy (phone busy, seat taken)
besichtigen;Ich möchte gern den Dom besichtigen.;to visit (tour a place)
besser;Es geht mir schon besser.;better (feeling better)
best-;Am besten treffen wir uns morgen.;best (best time)
bestellen;Wir möchten bestellen, bitte. / Dieses Buch haben wir nicht – sollen wir es für Sie bestellen?;to order (order food, order book)
besuchen;Darf ich dich besuchen?;to visit (visit someone)
das Bett, -en;Wir brauchen noch ein Kinderbett.;bed (furniture)
bezahlen;Wo muss ich bezahlen?;to pay (pay for something)
das Bier;Noch ein Bier bitte.;beer (drink)
das Bild, -er;Hast du ein Bild von deinem Sohn?;picture (photo/image)
billig;Die Jacke kostet nur 10 Euro! Die ist aber billig!;cheap (inexpensive)
die Birne, -n;Ein Kilo Birnen, bitte!;pear (fruit)
bis;Ich fahre nur bis Stuttgart. / Ich warte bis morgen.;until/to (up to Stuttgart, wait until tomorrow)
bisschen;Ich spreche Englisch, Französisch und ein bisschen Deutsch.;a bit (a little)
bitte;Eine Tasse Kaffee, bitte! / Sprechen Sie bitte leise!;please (polite request)
die Bitte, -n;Ich habe noch eine Bitte.;request (favor)
bitten;Darf ich Sie um etwas bitten?;to ask (request something)
bitter;Der Kaffee schmeckt bitter.;bitter (taste)
bleiben;Ich bleibe heute zu Hause. / Wir bleiben nur bis morgen.;to stay (remain at home, stay until)
der Bleistift, -e;Hast du einen Bleistift?;pencil (writing tool)
der Blick;Von diesem Hotel hat man einen guten Blick auf den Rhein.;view (scenic view)
die Blume, -n;Gefallen dir die Blumen?;flower (plant)
der Bogen;Schreiben Sie Ihre Lösungen bitte auf den Antwortbogen.;sheet (answer sheet)
böse;Sie ist böse auf mich.;angry (mad at someone)
brauchen;Brauchst du die Zeitung noch?;to need (need something)
breit;Wie breit ist der Schrank?;wide (width)
der Brief, -e;Haben Sie einen Brief für mich?;letter (mail)
die Briefmarke, -n;Kaufst du bitte Briefmarken bei der Post.;stamp (postage stamp)
bringen;Bringen Sie mir bitte noch einen Kaffee! / Wir müssen ihn zum Arzt bringen.;to bring (bring coffee, bring to doctor)
das Brot, -e;Haben Sie auch Weißbrot? / Nimm noch ein paar Brote für die Fahrt mit.;bread (white bread, loaves)
das Brötchen, –;Möchtest du Brötchen zum Frühstück?;roll (bread roll)
der Bruder, -ü;Sein Bruder arbeitet auch hier.;brother (sibling)
das Buch, -ü, er;Gute Bücher sind oft sehr teuer. / In diesem Wörterbuch finden Sie mehr als 20.000 Wörter.;book (books, dictionary)
der Buchstabe, -n;Diesen Buchstaben gibt es in meiner Sprache nicht.;letter (alphabet letter)
buchstabieren;Bitte buchstabieren Sie Ihren Namen.;to spell (spell out name)
der Bus, -se;Wann kommt der nächste Bus?;bus (public transport)
die Butter;Für mich bitte ein Brötchen mit Butter und Käse.;butter (spread)
das Café, -s;Sollen wir uns im Café treffen?;café (coffee shop)
die CD, -s;Bring bitte deine Lieblings-CD mit.;CD (compact disc)
der Chef;Wir haben eine neue Chefin.;boss (supervisor)
circa/ca.;Von Mainz nach Frankfurt sind es circa fünfzig Kilometer.;approximately (about)
der Computer, –;Wann bekommst du deinen neuen Computer?;computer (PC)
da;Da hinten ist er ja. / Wir sprechen gerade über Paul. Da kommt er ja gerade. / Ich nehme das da. / Ist Herr Klein schon da?;there/that (over there, that one, is he here)
die Dame, -n;Damen (an der Toilette) / Sehr geehrte Damen und Herren!;lady (women, formal address)
daneben;Du kennst doch die Post. Daneben ist die Bank.;next to it (beside)
danken;Ich danke Ihnen für die Einladung.;to thank (express gratitude)
der Dank;Vielen Dank! / Herzlichen Dank!;thanks (gratitude)
danke;Soll ich Ihnen helfen? - Nein, danke!;thanks (no thanks)
dann;Ich muss noch schnell zur Post, dann komme ich.;then (after that)
das Datum;Bitte schreiben Sie noch das Datum auf das Formular.;date (calendar date)
dauern;Wie lange dauert der Film?;to last (duration)
dein-;Ist das dein Auto? / Ist das deins?;your (your car, yours)
denn;Ich kann nicht kommen, denn ich bin krank.;because (reason)
der, die, das;Ich nehme das da. / Hier ist der Brief, den du suchst. / Die Fahrkarte bekommst du am Bahnhof.;the (definite article)
dich;Die Blumen sind für dich.;you (accusative)
dies-;Ich nehme lieber diesen Kuchen.;this (this cake)
dir;Gefallen dir die Blumen?;you (dative)
die Disco;Heute abend gehen wir in die Disco tanzen.;disco (dance club)
der Doktor;Meine Tochter ist krank. Wir gehen zum Doktor.;doctor (physician)
das Doppelzimmer;Wollen Sie ein Doppelzimmer oder ein Einzelzimmer?;double room (room for two)
das Dorf, -ö, er;Meine Familie lebt in einem Dorf.;village (small town)
dort, -her, -hin;Deine Tasche kannst du dorthin stellen. / Dort ist unser Haus.;there (over there, place)
draußen;Wollen wir draußen sitzen?;outside (outdoors)
drucken;Bitte drucke das Formular für mich.;to print (print document)
der Drucker, –;Mein Drucker ist kaputt.;printer (printing device)
drücken;Drück hier, dann geht der Computer an.;to press (press button)
durch;Am besten gehen Sie durch die Breite Straße.;through (preposition - through the street)
die Durchsage, -n;Ich habe die Durchsage nicht verstanden.;announcement (public announcement)
dürfen;Sie dürfen hier nicht rauchen. / Darf ich Sie zu einem Kaffee einladen? / Es darf nicht mehr als 15 Euro kosten.;to be allowed/may (permission - not allowed to smoke, may I invite, may not cost)
der Durst;Hast du etwas zu trinken? Ich habe großen Durst.;thirst (need to drink)
(sich) duschen;Ich bade nicht so gern, ich dusche lieber.;to shower (take a shower)
die Dusche;Unsere Wohnung hat nur eine Dusche.;shower (bathroom fixture)
die Ecke, -n;An der nächsten Ecke links.;corner (street corner)
die Ehefrau, -en/ der Ehemann, ä, er;Das ist mein (Ehe-) Mann/meine (Ehe-) Frau.;wife/husband (spouse)
das Ei, -er;Möchtest du ein Ei zum Frühstück?;egg (food)
eilig;Hast du es eilig?;in a hurry (urgent)
ein-;Ich nehme ein Bier. Willst du auch eins? / Ist hier einer, der das kann?;a/one (indefinite article, one beer, one person)
einfach;Die Prüfung ist ganz einfach. / Hin und zurück? – Nein, bitte nur einfach. / Ich brauche nur ein einfaches Zimmer.;simple/one-way (easy test, one-way ticket, simple room)
der Eingang;Der Eingang ist um die Ecke.;entrance (way in)
einkaufen;Ich muss noch für morgen einkaufen.;to shop (go shopping)
einladen;Darf ich Sie zu einem Kaffee einladen?;to invite (invite someone)
die Einladung;Danke für die Einladung!;invitation (invite)
einmal;Diese Prüfung mache ich nicht noch einmal.;once (one time)
einsteigen;Schnell, steig ein, der Zug fährt gleich.;to get on (board vehicle)
der Eintritt;Der Preis für den Eintritt ist 5 Euro.;admission (entry fee)
das Einzelzimmer;Haben Sie noch ein Einzelzimmer?;single room (room for one)
die Eltern (pl.);Meine Eltern leben in Spanien.;parents (mother and father)
die E-Mail, -s;Ich habe Ihre E-Mail nicht bekommen.;email (electronic mail)
der Empfänger, –;Auf dem Brief steht dein Name, also bist du der Empfänger.;recipient (person receiving)
empfehlen;Welchen Wein können Sie mir empfehlen?;to recommend (suggest something)
enden;Die Straße endet hier.;to end (finish)
das Ende;Sie wohnt am Ende der Straße. / Er bekommt sein Geld am Ende des Monats.;end (end of street, end of month)
entschuldigen;Entschuldigen Sie bitte!;to excuse (sorry)
die Entschuldigung;Entschuldigung! – Bitte.;apology (excuse me)
er;Er heißt Ali.;he (male pronoun)
das Ergebnis, -se;Das Ergebnis des Tests bekommen Sie in zwei Wochen.;result (test result)
erklären;Kannst du mir das erklären?;to explain (clarify)
erlauben;Rauchen ist hier nicht erlaubt.;to allow (permission)
der Erwachsene, -n;Dieser Film ist nur für Erwachsene.;adult (grown-up)
erzählen;Wir müssen euch etwas erzählen!;to tell (tell a story)
es;Es regnet.;it (pronoun - it's raining)
essen;Was gibt es zu essen?;to eat (consume food)
das Essen;Das Essen ist heute sehr gut.;food (meal)
euer;Euer Kurs beginnt heute.;your (plural - your course)
fahren;Ich fahre mit dem Auto zur Arbeit.;to drive/travel (go by car)
der Fahrer;Bitte nicht mit dem Fahrer sprechen!;driver (person driving)
die Fahrkarte, -n;Hast du schon eine Fahrkarte?;ticket (transport ticket)
das Fahrrad, -ä, er;Fährst du mit dem Fahrrad oder mit dem Auto?;bicycle (bike)
falsch;Das ist falsch.;wrong (incorrect)
die Familie, -n;Meine Familie lebt in Spanien.;family (relatives)
der Familienname;Meine Familiennamen sind García González.;last name (surname)
der Familienstand;Bei „Familienstand" musst du „ledig" ankreuzen.;marital status (relationship status)
die Farbe, -n;Die Farbe gefällt mir gut.;color (hue)
das Fax, -e;Schicken Sie uns einfach ein Fax!;fax (facsimile)
Feier-;z. B. Feierabend, Feiertag / Am Montag ist Feiertag.;celebration- (celebration/holiday)
feiern;Wir feiern heute meinen Geburtstag.;to celebrate (have a party)
fehlen;Herr Müller ist nicht da, er fehlt schon seit drei Tagen. / Was fehlt Ihnen?;to be missing/absent (not present, what's wrong)
der Fehler, –;Diesen Fehler mache ich immer.;mistake (error)
fernsehen;Wollen wir heute Abend mal fernsehen?;to watch TV (watch television)
fertig;Bist du fertig? / Ist mein Auto schon fertig?;ready/finished (done, completed)
das Feuer;Haben Sie Feuer?;fire/lighter (flame, do you have a light)
das Fieber;Mein Mann hat noch immer Fieber.;fever (high temperature)
der Film, -e;Ich möchte gern diesen Film sehen.;movie (film)
finden;Wir müssen den Schlüssel finden.;to find (locate)
die Firma;Er arbeitet jetzt bei einer anderen Firma.;company (business)
der Fisch, -e;Ich esse gern Fisch. Fleisch mag ich nicht.;fish (seafood)
die Flasche, -n;Eine Flasche Bier, bitte.;bottle (container)
das Fleisch;Fleisch mag ich nicht.;meat (animal flesh)
fliegen;Ich fliege nicht gern. Deshalb fahre ich mit dem Zug.;to fly (travel by plane)
abfliegen;Wann fliegst du ab?;to depart (plane departure)
der Abflug;Der Abflug ist um 11.20 Uhr.;departure (flight departure)
der Flughafen;Kannst du mich zum Flughafen bringen?;airport (air terminal)
das Flugzeug;Das Flugzeug aus Berlin kommt heute später an.;airplane (aircraft)
das Formular, -e;Sie müssen dieses Formular ausfüllen.;form (document)
das Foto, -s;Darf ich ein Foto machen?;photo (picture)
fragen;Er möchte Sie etwas fragen. Wann kommen Sie?;to ask (question)
die Frage, -n;Ich habe eine Frage.;question (inquiry)
die Frau, -en;Das ist Frau Becker. / Guten Tag, Frau Schmitt! / Hier arbeiten mehr Frauen als Männer.;woman/Mrs. (lady, formal title)
frei;Ist der Platz noch frei?;free/vacant (available)
die Freizeit;In meiner Freizeit spiele ich oft Fußball.;free time (leisure time)
fremd;Das weiß ich nicht; ich bin fremd hier.;strange (unfamiliar)
(sich) freuen;Ich freue mich auf den Urlaub.;to look forward to (be happy about)
der Freund, -e;Das ist ein Freund von mir. / Das ist meine Freundin.;friend (boyfriend/girlfriend)
früher;Früher waren wir oft zusammen im Kino.;earlier/before (in the past)
frühstücken;Am Sonntag frühstücke ich gern im Bett.;to have breakfast (eat breakfast)
das Frühstück;Möchtest du ein Ei zum Frühstück?;breakfast (morning meal)
die Führung;Die Führung durch das Haus beginnt in 3 Minuten.;tour (guided tour)
für;Das ist für Sie. / Das ist der Schlüssel für die Haustür. / Das ist das Brot für morgen.;for (preposition - for you, key for door, bread for tomorrow)
der Fuß, -ü, e;Der linke Fuß tut mir weh.;foot (body part)
der Fußball;Spielt ihr gerne Fußball?;soccer (football)
der Garten;Wir haben leider keinen Garten.;garden (yard)
der Gast, -ä, e;Am Wochenende haben wir mehrere Gäste.;guest (visitor)
geben;Kannst du mir bitte deinen Kugelschreiber geben? / Es gibt keine Karten mehr.;to give (give me, there is/are)
geboren;Ich bin in Zagreb geboren.;born (birthplace)
das Geburtsjahr;Das Geburtsjahr Ihres Sohnes, bitte?;year of birth (birth year)
der Geburtsort;Bitte schreiben Sie Ihren Geburtsort auf das Formular.;place of birth (birthplace)
der Geburtstag;Herzlichen Glückwunsch zum Geburtstag!;birthday (day of birth)
gefallen;Das gefällt mir.;to like (I like it)
gegen;Fahr nicht gegen den Baum! / Ich bin gegen diese Lösung. / Wer spielt gegen wen?;against (preposition - against tree, against solution, play against)
gehen;Ich weiß nicht, wie das geht. / Wie geht‘s? / Jetzt muss ich (aber) leider gehen. / Ich muss zum Arzt gehen. / Das geht nicht!;to go/work (how does it work, how are you, go to doctor, that doesn't work)
gehören;Wem gehört das?;to belong (who does it belong to)
das Geld;Hast du noch Geld?;money (cash)
das Gemüse;Gemüse brauchen wir auch noch.;vegetables (produce)
das Gepäck;Wollen Sie Ihr Gepäck mitnehmen?;luggage (baggage)
gerade;Da kommt er ja gerade.;just/right now (at this moment)
geradeaus;Gehen Sie immer geradeaus!;straight ahead (direction)
gern(e);Ich gehe gerne einkaufen.;gladly/like to (enjoy doing)
das Geschäft, -e;Die Geschäfte schließen um 18.30 Uhr.;store/shop (business)
das Geschenk, -e;Danke für das schöne Geschenk.;gift (present)
die Geschwister (pl.);Ich habe leider keine Geschwister.;siblings (brothers and sisters)
das Gespräch, -e;Das Gespräch mit Frau Kunz ist um 14 Uhr.;conversation (talk)
gestern;Gestern war ich krank.;yesterday (the day before)
gestorben;Meine Frau ist gestern gestorben.;died (past tense of die)
das Getränk, -e;Mein Lieblingsgetränk ist Tomatensaft.;drink (beverage)
das Gewicht;Bei „Gewicht“ schreibst du: 62 Kilo.;weight (body weight)
gewinnen;Wer gewinnt das Spiel?;to win (victory)
das Glas, -ä, er;Bitte noch ein Glas Wein! / Wir brauchen noch drei Gläser.;glass (drinking glass)
glauben;Sie können mir glauben, es ist so. / Ich glaube, er kommt gleich.;to believe/think (believe me, I think)
gleich;Das ist mir gleich. / Das ist der gleiche Preis. / Ich komme gleich.;same/right away (same price, I'll come right away)
das Gleis, -e;Der ICE nach Berlin hält heute an Gleis 12.;track (railway track)
das Glück;Viel Glück!;luck (good fortune)
glücklich;Meine Kinder sind glücklich verheiratet.;happy (joyful)
der Glückwunsch;Herzlichen Glückwunsch zum Geburtstag.;congratulations (wishes)
Grad (Celsius);Heute haben wir dreißig Grad.;degrees (temperature)
gratulieren;Ich gratuliere dir!;to congratulate (give congratulations)
grillen;Heute grillen wir im Garten.;to grill (barbecue)
groß;Mein Bruder und ich sind gleich groß. / Frankfurt ist eine große Stadt.;big/tall (large city, tall person)
die Größe;Haben Sie das auch in Größe 40?;size (clothing size)
die Großeltern (pl.);Meine Großeltern leben in Japan.;grandparents (grandmother and grandfather)
die Großmutter;Meine Großmutter heißt Eva.;grandmother (grandma)
der Großvater;Mein Großvater ist schon 80.;grandfather (grandpa)
die Gruppe, -n;Die erste Gruppe beginnt um 16 Uhr.;group (collection of people)
der Gruß, -ü, e;Viele Grüße an Ihre Frau. / Mit freundlichen Grüßen;greeting (regards)
gültig;Der Pass ist nicht mehr gültig.;valid (still in effect)
günstig;Dort gibt es günstige Angebote.;favorable/cheap (good deals)
gut;Das finde ich gut. / Ich komme um 13 Uhr. – Gut! / Guten Morgen! / Ein gutes neues Jahr! / Guten Appetit!;good (fine, good morning, happy new year, enjoy)
das Haar, -e;Sie hat lange Haare.;hair (head hair)
haben;Ich habe ein neues Auto.;to have (possess)
das Hähnchen, -;Ein Hähnchen mit Pommes bitte!;chicken (fried chicken)
die Halbpension;Möchten Sie Vollpension oder Halbpension?;half board (meal plan)
die Halle;Wir treffen uns in Halle B;hall (conference hall)
hallo;Hallo Inge! Wie geht’s?;hello (greeting)
halten;Dieser Zug hält nicht in Rüdesheim.;to stop (train stops)
die Haltestelle;An der nächsten Haltestelle müssen Sie aussteigen.;stop (bus stop)
die Hand, -ä, e;Er gibt mir die Hand.;hand (body part)
das Handy, -s;In der Schule bitte die Handys ausmachen!;cell phone (mobile phone)
das Haus, -ä, er;In welchem Haus wohnst du? / Ich gehe jetzt nach Hause. / Paul ist nicht zu Hause.;house/home (building, go home, at home)
die Hausaufgabe,-n;Kannst du mir bei den Hausaufgaben helfen?;homework (school work)
die Hausfrau, -en/ der Hausmann;Die Hausfrau/der Hausmann wäscht, kocht und kauft ein.;housewife/househusband (homemaker)
die Heimat;Ich komme aus der Schweiz. Das ist meine Heimat.;homeland (native country)
heiraten;Meine Schwester heiratet einen Japaner.;to marry (get married)
heißen;Ich heiße Charlotte Meier. / Wie heißt das auf Deutsch?;to be called (what's your name, what's it called)
helfen;Können Sie mir helfen, bitte?;to help (assist)
hell;Im Sommer ist es bis 21 Uhr hell.;bright (light)
der Herd;In der neuen Küche fehlt noch der Herd.;stove (cooking stove)
der Herr, -en;Guten Tag, Herr Sommer!;Mr. (formal title)
herzlich;Herzlichen Glückwunsch!;heartfelt (sincere)
heute;Heute ist ein schöner Tag.;today (this day)
hier;Hier ist 06131-553221, Pamela Linke. / Hier wohne ich.;here (this place, answering phone)
die Hilfe;Hilfe! Bitte helfen Sie mir! / Brauchen Sie meine Hilfe?;help (assistance)
hinten;Die Tür zum Aussteigen ist hinten.;back (rear)
das Hobby, -s;Meine Hobbys sind Wandern und Schwimmen.;hobby (pastime)
hoch;Der Mount Everest ist 8.880 Meter hoch.;high (height)
die Hochzeit;Zur dieser Hochzeit kommen mehr als fünfzig Gäste.;wedding (marriage ceremony)
holen;Ich hole zwei Flaschen Wasser aus der Küche.;to get/fetch (retrieve)
hören;Hör mal! Was ist das? / Ich habe das Lied schon mal gehört.;to hear/listen (listen, have heard)
das Hotel, -s;Im Urlaub sind wir in einem Hotel am Meer.;hotel (accommodation)
der Hund, -e;Der Hund ist noch jung.;dog (pet)
der Hunger;Ich habe Hunger! Wann ist das Essen fertig?;hunger (need to eat)
ich;Ich heiße Veronika.;I (first person)
ihr/ihm/ihn;Gib ihr/ihm bitte das Buch. / Ruf ihn bitte an.;her/him (dative/accusative pronouns)
immer;Frau Bast kommt immer zu spät.;always (every time)
in;Ich wohne in Wiesbaden. / Der Zug kommt in fünf Minuten. / Frau Rausch arbeitet in einem Geschäft. / Komm, wir gehen ins Kino.;in (preposition - in Wiesbaden, in five minutes, in a store, to the movies)
die Information, -en;Wenn Sie Fragen haben, gehen Sie zur Information. / Wir haben hier wichtige Informationen für Sie.;information (info desk, information)
international;Unser Deutschkurs ist international: Silvana kommt aus Italien, Conchi aus Spanien, Yin aus China ...;international (from many countries)
das Internet;Das findest du im Internet.;internet (web)
ja;Sind Sie Herr Watanabe? – Ja.;yes (affirmation)
die Jacke, -n;Zieh dir eine Jacke an. Es ist kalt.;jacket (coat)
jed-;Blumen kannst du in jedem Bahnhof kaufen.;every (each)
jetzt;Jetzt machen wir eine Pause.;now (at this moment)
der Job, -s;Jenny hat einen neuen Job bei der Post.;job (work position)
der Jugendliche, -n;Viele Jugendliche kaufen gern ein.;teenager (young person)
jung;Claudia ist 21. – Was? Noch so jung?;young (not old)
der Junge, -n;Ich habe zwei Kinder. Einen Jungen und ein Mädchen.;boy (male child)
der Kaffee;Zum Frühstück trinke ich immer Kaffee.;coffee (drink)
kaputt;Das Glas war teuer. Es geht sehr leicht kaputt.;broken (not working)
die Karte, -n;Ich schreibe meinen Bekannten eine Karte aus dem Urlaub. / Wollen wir Karten spielen? / Ich möchte auch etwas essen. Bringen Sie mir die Karte, bitte.;card/postcard/menu (postcard, playing cards, menu)
(Kredit)-Karte, -n;Kann ich auch mit Karte (be-) zahlen?;credit card (payment card)
die Kartoffel, -n;Für Pommes frites braucht man Kartoffeln.;potato (vegetable)
die Kasse;Zahlen Sie bitte an der Kasse.;cash register (checkout)
kaufen;Tim kauft sich ein neues Auto.;to buy (purchase)
kein;Es gibt keine Eintrittskarten mehr.;no/none (not any)
kennen;Kennen Sie diese Frau? – Nein, leider nicht.;to know (be acquainted with)
kennenlernen;Wir sind neu hier. Wir möchten Sie kennenlernen.;to get to know (meet for first time)
das Kind, -er;Wie viele Kinder haben Sie?;child (young person)
der Kindergarten;Die kleine Laura geht schon in den Kindergarten.;kindergarten (preschool)
das Kino, -s;Wir sehen heute Abend im Kino einen schönen Film.;cinema (movie theater)
der Kiosk;Am Kiosk bekommen Sie Getränke, Zigaretten und Zeitungen.;kiosk (newsstand)
klar;Kommst du mit? – Klar!;sure (of course)
die Klasse;In unserer Klasse sind fünfundzwanzig Schüler. / Im Zug fahre ich immer 2. Klasse.;class (classroom, train class)
die Kleidung;Wo finde ich Kleidung? – Jacken im ersten, Jeans im zweiten Stock.;clothing (clothes)
klein;Eltville ist eine kleine Stadt am Rhein.;small (little)
kochen;Herr Georgi kann gut kochen.;to cook (prepare food)
der Koffer, –;Ist das Ihr Koffer?;suitcase (luggage)
der Kollege, -n;Wie heißt die neue Kollegin?;colleague (co-worker)
kommen;Woher kommen Sie? – Aus Frankreich. / Kommst du mit ins Schwimmbad?;to come (arrive, come with)
können;Ich kann Deutsch und Russisch. / Können Sie mir helfen?;to can/be able (can speak, can you help)
das Konto;Das Geld überweisen wir am ersten März auf Ihr Konto.;account (bank account)
der Kopf;Mein Kopf tut weh!;head (body part)
kosten;Wie viel kostet das? – 10 Euro.;to cost (price)
krank;Ich kann heute nicht zur Arbeit kommen, ich bin krank und liege im Bett.;sick (ill)
kriegen;Ich kriege 15 Euro in der Stunde für meine Arbeit.;to get (receive)
die Küche;Der neue Herd kommt in die Küche.;kitchen (cooking room)
der Kuchen;Ich nehme ein Stück Kuchen.;cake (dessert)
der Kugelschreiber;Hast du einen Kugelschreiber für mich?;pen (ballpoint pen)
der Kühlschrank;Haben wir noch Milch? – Ja, im Kühlschrank.;refrigerator (fridge)
kulturell;Ich bin kulturell interessiert. Ich gehe oft ins Museum.;cultural (related to culture)
sich kümmern;Jede Mutter kümmert sich um ihre kleinen Kinder.;to take care of (look after)
der Kunde, -n;Einen Moment, bitte. Ich habe eine Kundin.;customer (client)
der Kurs, -e;Der Deutschkurs geht bis zum Sommer.;course (class)
kurz;Ricardo hat kurzes Haar.;short (brief)
lachen;Die Kinder lachen viel.;to laugh (giggle)
der Laden, -ä;Im Buchladen können Sie Bücher kaufen.;shop (store)
das Land, -ä, er;Italien ist ein schönes Land.;country (nation)
lang;Die Jeans ist zu lang.;long (length)
lange;Wie lange fährt der Zug von Hamburg nach Berlin?;long (duration)
langsam;Könnten Sie bitte etwas langsamer sprechen?;slow (not fast)
laufen;Ich möchte nicht Auto fahren, ich möchte laufen.;to walk/run (go on foot)
laut;Nicht so laut! Das Baby schläft.;loud (not quiet)
leben;Sie lebt bei ihrer Schwester. / Ihre Eltern leben nicht mehr.;to live (reside, be alive)
das Leben;Das Leben in diesem Land ist teuer.;life (existence)
die Lebensmittel (pl.);Lebensmittel bekommen Sie im Supermarkt.;food (groceries)
ledig;Sind Sie verheiratet? – Nein. Ledig.;single (unmarried)
legen;Legen Sie das Buch auf den Tisch.;to put/place (lay down)
der Lehrer, –;Unsere Deutschlehrerin heißt Frau Müller.;teacher (instructor)
leicht;Der Koffer ist leicht. / Deutsch ist nicht leicht.;light/easy (not heavy, not difficult)
leider;Leider kann ich nicht kommen. Ich muss zum Arzt.;unfortunately (sadly)
leise;Seid leise. Die anderen schlafen schon.;quiet (silent)
lernen;Wie lange lernen Sie schon Deutsch?;to learn (study)
lesen;Ich lese ein Buch von García Márquez.;to read (peruse)
letzt-;Morgen ist der letzte Kurstag.;last (final)
die Leute (pl.);In der Disko sind viele Leute.;people (persons)
das Licht;Wo macht man hier das Licht an?;light (illumination)
lieb-;Liebe Susanne, lieber Hans,;dear (beloved - in letter)
lieben;Ich liebe dich!;to love (adore)
lieber;Sie fährt lieber mit der Bahn.;rather/prefer (would rather)
Lieblings-;Mein Lieblingsfilm ist „Schwarze Augen“.;favorite (most liked)
das Lied, -er;Welches ist dein Lieblingslied?;song (music)
liegen;Um neun Uhr liegt Judith noch im Bett. / Frankfurt liegt am Main.;to lie/be located (lie in bed, city located)
links;Gehen Sie die nächste Straße links.;left (direction)
der Lkw, -s;Dieser Lastkraftwagen ist sehr groß.;truck (lorry)
das Lokal;In unserer Straße gibt es ein neues Lokal.;restaurant/bar (eating place)
die Lösung, -en;Die Lösung ist ganz einfach.;solution (answer)
lustig;Frau Mertens ist lustig. Sie lacht immer.;funny (amusing)
machen;Was machst du heute Abend? / Ich muss jetzt das Essen machen. / Das macht 5 Euro 95. / Das macht nichts.;to make/do (what are you doing, make food, costs, doesn't matter)
das Mädchen, –;Familie Kurz bekommt ein Baby. – Junge oder Mädchen?;girl (female child)
man;Hier darf man nicht rauchen.;one/you (impersonal)
der Mann, -ä, er;Mein Mann arbeitet bei der Polizei.;man/husband (male person, spouse)
männlich;Kreuzen Sie bitte an: „weiblich“ oder „männlich“.;male (masculine)
die Maschine, -n;Die Waschmaschine ist günstig.;machine (washing machine)
das Meer;Wir machen Urlaub am Meer.;sea (ocean)
mehr;Dieses Auto kostet 1.000 Euro mehr als das andere.;more (additional amount)
mein;Mein Vater ist Arzt.;my (possessive)
meist-;Die meisten Norddeutschen sind sehr groß.;most (majority)
der Mensch, -en;Die Menschen sind hier anders als bei uns.;person (human being)
mieten;Ich möchte ein Auto mieten.;to rent (lease)
die Miete;Die Miete für diese Wohnung ist 600 Euro.;rent (monthly payment)
die Milch;Die Milch steht im Kühlschrank.;milk (dairy)
mit;Trinken Sie den Kaffee mit Milch?;with (preposition - with milk)
mitbringen;Ich gehe einkaufen. Soll ich dir was mitbringen?;to bring along (take with)
mitkommen;Ich gehe ins Kino. Kommst du mit?;to come along (accompany)
mitmachen;Warum macht ihr nicht mit?;to participate (join in)
mitnehmen;Nehmen wir meine Schwester ins Kino mit?;to take along (bring with)
die Mitte;Der Lehrer steht in der Mitte des Klassenzimmers.;middle/center (central point)
die Möbel (pl.);Sind die Möbel neu?;furniture (household items)
möchten;Was möchten Sie trinken?;would like (polite request)
mögen;Magst du Kaffee oder Tee?;to like (enjoy)
möglich;Mit dieser Fahrkarte ist die Fahrt ab 9 Uhr möglich.;possible (feasible)
der Moment;Moment mal bitte! / Einen Moment bitte.;moment (brief time)
morgen;Morgen beginnt die Schule um 10 Uhr.;tomorrow (next day)
müde;Ich bin müde. Ich gehe schlafen.;tired (sleepy)
der Mund;Öffnen Sie den Mund.;mouth (oral cavity)
müssen;Ich muss jeden Tag von 8 Uhr bis 18 Uhr arbeiten.;must/have to (obligation)
die Mutter, -ü;Frau Berghäuser ist die Mutter von Michaela.;mother (parent)
nach;Ich gehe jetzt nach Hause. / Ich fliege nach München. / Es ist schon 5 nach 12.;to/after (preposition - go home, fly to, after 12)
nächst-;Sehen wir uns nächste Woche?;next (following)
der Name, -n;Mein Name ist Thomas Schmidt. / Mein Vorname ist Thomas; Schmidt ist der Familienname.
nehmen;Heute gibt es Hähnchen. Das nehme ich. / Ich nehme den Bus.;to take (take food, take bus)
nein;Fährst du auch nach München? – Nein, ich habe keine Zeit.;no (negation)
neu;Ich bin der neue Kollege. / Wir haben eine neue Wohnung.;new (recent)
nicht;Das stimmt nicht. / Das ist doch schön, nicht?;not (negation)
nichts;Das macht nichts. / Hier kaufe ich nichts. Der Laden gefällt mir nicht.;nothing (not anything)
nie;Er kommt nie pünktlich.;never (not ever)
noch;Vielleicht kommt er noch. / Wir warten noch fünf Minuten. / Ich habe noch 20 Euro.;still/yet (still coming, wait more, still have)
normal;75 kg. Sein Gewicht ist normal.;normal (regular)
die Nummer, -n;Sie haben Zimmer Nummer zwölf. / Welche Hausnummer haben Sie? / Können Sie mir Ihre Nummer geben?;number (room number, phone number)
nur;Ich möchte nur ein Glas Wasser.;only (just)
oben;Ich wohne oben.;upstairs (above)
das Obst;Im Sommer ist das Obst billig.;fruit (produce)
oder;Wann können Sie kommen – heute oder morgen?;or (conjunction)
öffnen;Ich öffne die Tür.;to open (unlock)
geöffnet;Der Laden ist samstags bis 16.00 Uhr geöffnet.;open (not closed)
oft;Petra treffe ich oft.;often (frequently)
ohne;Ohne Geld kann er nichts kaufen.;without (preposition)
das Öl;Den Salat machen wir ohne Öl.;oil (cooking oil)
die Oma, -s;Meine Oma ist schon tot.;grandma (grandmother)
der Opa, -s;Mein Opa heißt Hans.;grandpa (grandfather)
die Ordnung;Das ist in Ordnung.;order (in order)
der Ort, -e;Der Ort liegt am Meer.;place (location)
das Papier;Hier sind Papier und Bleistift.;paper (material)
die Papiere (pl.);Haben Sie Ihre Papiere dabei?;papers/documents (identification)
der Partner, -/ die Partnerin, -nen;Sie ist meine Partnerin.;partner (companion)
die Party;Heute Abend machen wir eine Party.;party (celebration)
der Pass, -ä, e;Im Hotel brauchst du deinen Pass.;passport (travel document)
die Pause, -n;Von 12.00 bis 12.30 Uhr haben wir Mittagspause.;break (pause)
der Plan, -ä, e;Ich kaufe mir einen Stadtplan.;map/plan (city map)
der Platz, -ä, e;Tut mir leid, der Platz ist besetzt. / Bitte nehmen Sie Platz! / Ich wohne Messeplatz 5.;place/seat (occupied seat, take a seat, address)
die Polizei;Holen Sie die Polizei!;police (law enforcement)
die Pommes frites (pl.);Die Kinder essen Hähnchen mit Pommes frites.;French fries (fried potatoes)
die Post;Wo ist die Post, bitte? / Ist Post da?;post office/mail (post office, mail)
die Postleitzahl;Wie ist Ihre Postleitzahl?;postal code (ZIP code)
das Praktikum;Ich mache ein Praktikum bei Siemens.;internship (traineeship)
die Praxis;Die Praxis ist ab acht Uhr geöffnet.;practice (doctor's office)
der Preis, -e;Die Preise sind hoch.;price (cost)
das Problem, -e;Mein Problem ist die Sprache.;problem (difficulty)
der Prospekt, -e;Bitte schicken Sie mir einen Prospekt von Ihrem Hotel.;brochure (information leaflet)
die Prüfung;Die Prüfung ist am Montag um 8.00 Uhr.;exam (test)
pünktlich;Der Bus fährt pünktlich um acht Uhr. / Herr Müller ist immer pünktlich.;punctual (on time)
Rad fahren;Das Kind kann schon Rad fahren.;to ride a bike (cycle)
rauchen;Ich rauche nicht.;to smoke (tobacco)
der Raum, -ä, e;Der Unterricht ist in Raum 332.;room (space)
die Rechnung, -en;Die Rechnung, bitte.;bill (check)
rechts;Die Schillerstraße ist hier rechts.;right (direction)
regnen;Heute regnet es.;to rain (precipitation)
der Regen;Bei diesem Regen gehe ich nicht raus.;rain (weather)
der Reis;Ich esse gern Reis.;rice (grain)
reisen;Ich reise gern.;to travel (journey)
die Reise;Wir machen eine Reise nach Österreich.;trip (journey)
das Reisebüro, -s;Mein Mann arbeitet im Reisebüro.;travel agency (tourist office)
der Reiseführer;Ich kaufe mir einen Reiseführer von Berlin. / Unser Reiseführer heißt Peter.;travel guide/guidebook (tour guide, book)
reparieren;Er hat das Fahrrad repariert.;to repair (fix)
die Reparatur;Die Reparatur ist sehr teuer.;repair (fixing)
das Restaurant, -s;Wir essen heute in einem Restaurant.;restaurant (eating place)
die Rezeption;Fragen Sie bitte im Hotel an der Rezeption.;reception (front desk)
richtig;Habe ich das richtig verstanden? / Das ist richtig.;correct/right (correctly understood, that's right)
riechen;Dieser Wein riecht gut.;to smell (sense odor)
ruhig;Ich möchte ein ruhiges Zimmer.;quiet (peaceful)
der Saft;Möchtest du einen Apfelsaft?;juice (beverage)
sagen;Sag mal, wie geht es dir denn?;to say (speak)
der Salat;Wie schmeckt dir der Salat?;salad (dish)
das Salz;Herr Ober, kann ich bitte Salz haben?;salt (seasoning)
Satz, -ä, e;Dieser Satz ist sehr einfach.;sentence (phrase)
die S-Bahn;Ich nehme lieber die S-Bahn.;S-Bahn (suburban train)
der Schalter;Gehen Sie bitte zum Schalter drei!;counter (desk)
scheinen;Die Sonne scheint.;to shine (sun shines)
schicken;Bitte schicken Sie mir eine E-Mail.;to send (mail)
das Schild, -er;Haben Sie nicht das Schild gesehen?;sign (notice)
der Schinken, –;Ich möchte gern ein Schinkenbrot.;ham (meat)
schlafen;Ich schlafe meistens acht Stunden.;to sleep (rest)
schlecht;Mir ist schlecht! / Sie sehen schlecht aus. / Wir haben schlechtes Wetter.;bad (poor quality, feeling sick, bad weather)
schließen;Bitte, schließen Sie die Tür.;to close (shut)
geschlossen;Die Bank hat am Samstag geschlossen.;closed (not open)
der Schluss;Ich muss jetzt Schluss machen. / Zum Schluss gibt er uns allen die Hand.;end (conclusion)
der Schlüssel, –;Ich gebe Ihnen noch den Zimmerschlüssel.;key (door key)
schmecken;Schmeckt das gut?;to taste (flavor)
schnell;Er fährt schnell.;fast (quick)
schon;Ist das Essen schon fertig?;already (by now)
schön;Schönen Urlaub! / Das ist sehr schön.;beautiful/nice (nice vacation, very nice)
der Schrank, -ä, e;Die Gläser stehen im Schrank.;cupboard (cabinet)
schreiben;Er schreibt jeden Tag fünfzig E-Mails.;to write (compose)
der Schuh, -e;Zieh die Schuhe aus!;shoe (footwear)
die Schule;Meine Tochter geht schon in die Schule. / Die Schule ist gleich hier um die Ecke.;school (educational institution)
der Schüler, –;In meinem Kurs sind acht Schülerinnen und fünf Schüler.;student (pupil)
schwer;Ist Ihr Gepäck sehr schwer? / Das ist eine schwere Arbeit.;heavy/difficult (heavy luggage, difficult work)
die Schwester, -n;Meine Schwester kommt am Dienstag.;sister (sibling)
schwimmen;Ich schwimme jeden Tag einen Kilometer.;to swim (in water)
das Schwimmbad;Kommst du mit ins Schwimmbad?;swimming pool (pool)
der See;Komm, wir fahren zum Starnberger See.;lake (body of water)
sehen;Ich kann dich nicht sehen. / Ich habe diesen Jungen schon einmal gesehen.;to see (perceive)
die Sehenswürdigkeit, -en;Welche Sehenswürdigkeiten gibt es in Frankfurt?;sight (attraction)
sehr;Danke sehr! / Das ist sehr schwer.;very (much)
sein;Herr Müller ist in seinem Zimmer. / Mir ist kalt. / Ich bin dreiundzwanzig.;to be (is in room, I'm cold, I am 23)
an sein;Das Licht ist noch an.;to be on (light is on)
auf sein;Das Fenster ist noch auf.;to be open (window is open)
weg sein;Herr Meier ist schon weg.;to be gone (not here)
zu sein;Die Tür ist zu.;to be closed (door is closed)
seit;Ich wohne seit drei Jahren in Köln.;since (from time)
selbstständig;Er ist selbstständig.;self-employed (independent)
sich;Sie müssen sich erst anmelden.;oneself (reflexive)
sie;Wie heißt sie?;she (female pronoun)
Sie;Wie heißen Sie, bitte?;you (formal)
sitzen;Wo sitzen Sie?;to sit (be seated)
so;Sie müssen das so machen! / Fahren Sie bitte nicht so schnell! / Meine Frau ist so groß wie ich. / So, das war‘s/wär‘s!;so/thus (in this way, so fast, as...as, well then)
das Sofa;Das Sofa ist neu.;sofa (couch)
sofort;Bitte antworten Sie sofort.;immediately (right away)
der Sohn, -ö, e;Das ist Hans, mein Sohn.;son (male child)
sollen;Soll ich kommen? / Was soll ich mitbringen?;should (ought to)
die Sonne;Die Sonne scheint.;sun (star)
spät;Es ist schon spät, ich muss gehen.;late (not early)
später;Das können wir später machen.;later (afterwards)
die Speisekarte;Bringen Sie mir die Speisekarte, bitte.;menu (restaurant menu)
spielen;Die Kinder spielen draußen. / Spielen Sie Karten?;to play (children play, play cards)
der Sport;Ich mache viel Sport.;sport (athletics)
die Sprache, -n;Welche Sprachen sprichst du?;language (tongue)
sprechen;Kann ich (mit) Herrn Klein sprechen?;to speak (talk)
die Stadt, -ä, e;Heidelberg ist eine alte Stadt.;city (town)
stehen;Ich glaube es nicht, aber es steht in der Zeitung. / Der Bus steht schon an der Haltestelle.;to stand/be written (written in newspaper, bus standing)
die Stelle, -n;Ich habe eine neue Stelle.;job/position (work position)
stellen;Stell die Tasche rechts in die Ecke!;to put/place (position)
der Stock;Unsere Wohnung liegt im ersten Stock.;floor/story (level)
die Straße, -n;In welcher Straße wohnen Sie?;street (road)
die Straßenbahn;Wo fährt die Straßenbahn ab?;tram (streetcar)
studieren;Ich studiere in Mainz.;to study (at university)
das Studium;Das Studium beginnt im Oktober.;studies (university education)
der Student, -en;Ich bin Studentin.;student (university student)
die Stunde, -n;Ich bin in einer Stunde zurück.;hour (time period)
suchen;Suchst du etwas?;to search (look for)
tanzen;Tanzen Sie gern?;to dance (move to music)
die Tasche, -n;Ich habe die Schlüssel in der Tasche.;bag (handbag)
das Taxi, -s;Es gibt heute keinen Bus mehr. Er fährt mit dem Taxi.;taxi (cab)
der Tee;Ich trinke morgens immer Tee.;tea (beverage)
der Teil, -e;Lies bitte auch den zweiten Teil.;part (section)
telefonieren;Darf ich mal telefonieren?;to telephone (call)
das Telefon;Haben Sie Telefon?;telephone (phone)
der Termin, -e;Am besten machen wir sofort einen Termin.;appointment (meeting time)
der Test;Der Test war einfach.;test (exam)
teuer;Das ist mir zu teuer.;expensive (costly)
der Text, -e;Lesen Sie bitte diesen Text.;text (written words)
das Thema;Wir sprechen heute über das Thema „Essen und Trinken“.;topic (subject)
das Ticket, -s;Wie viel kostet das Ticket?;ticket (admission ticket)
der Tisch, -e;Die Fotos liegen auf dem Tisch.;table (furniture)
die Tochter, -ö;Das ist meine Tochter Katharina.;daughter (female child)
die Toilette, -en;Wo ist die Toilette, bitte?;toilet (restroom)
die Tomate, -n;Die Tomate ist noch grün.;tomato (vegetable)
tot;Sein Vater ist schon lange tot.;dead (deceased)
(sich) treffen;Ich treffe in der Stadt einen Kollegen. / Wir treffen uns immer freitags.;to meet (meet colleague, meet up)
die Treppe, -n;Die Toilette? Die Treppe hoch und dann links.;stairs (steps)
trinken;Möchtest du etwas trinken?;to drink (consume liquid)
tschüss;Junge Leute sagen meistens „tschüss!“ und nicht „auf Wiedersehen“.;bye (casual goodbye)
tun;Ich habe noch etwas zu tun. / Was tut Ihr Mann?;to do (have to do, what does he do)
über;Gehen Sie hier über die Straße. / Er wohnt im zweiten Stock über Familie Meier. / Sind Sie über 18?;over/across (cross street, above apartment, over 18)
übernachten;Du kannst bei mir übernachten.;to stay overnight (sleep at place)
überweisen;Sie können das Geld auch überweisen.;to transfer (send money)
die Uhr;Es ist vier Uhr.;clock/time (it is 4 o'clock)
um;Er kommt um sieben Uhr. / Da kommt er gerade um die Ecke.;at/around (at 7 o'clock, around corner)
umziehen;Nächsten Monat ziehen wir um.;to move (relocate)
und;Peter und Helmut sind meine Söhne.;and (conjunction)
unser-;Das ist unsere Lehrerin.;our (possessive plural)
unten;Er wohnt ganz unten im Haus.;downstairs (below)
unter;Unter uns wohnt eine Familie mit drei Kindern.;under/below (below us)
der Unterricht;Wir haben Unterricht von 8.00 bis 12.00 Uhr.;class/lesson (instruction)
unterschreiben;Wo muss ich unterschreiben?;to sign (write signature)
die Unterschrift;Hier fehlt noch Ihre Unterschrift.;signature (name written)
der Urlaub;Ich nehme im September Urlaub.;vacation (holiday)
der Vater, -ä;Mein Vater ist Arbeiter.;father (parent)
verboten;Hier ist Rauchen verboten.;forbidden (not allowed)
verdienen;Ich verdiene 1.500 Euro im Monat.;to earn (make money)
der Verein;Es gibt einen neuen Sportverein in der Stadt.;club/association (sports club)
verheiratet;Ich bin verheiratet und habe drei Kinder.;married (wedded)
verkaufen;Er verkauft sein altes Auto.;to sell (sell car)
der Verkäufer, –;Meine Mutter ist Verkäuferin im Kaufhaus.;salesperson (seller)
vermieten;Die Wohnung ist schon vermietet.;to rent out (lease to others)
der Vermieter;Unser Vermieter heißt Huber. Er wohnt auch hier.;landlord (property owner)
verstehen;Können Sie mich verstehen?;to understand (comprehend)
der Verwandte, -n;Peter besucht seine Verwandten in Polen.;relative (family member)
viel;Hier regnet es viel.;much/a lot (a lot of rain)
vielleicht;Ich komme vielleicht mit dem Bus.;maybe/perhaps (possibly)
von;Das Auto von Felix ist kaputt. / Er kommt gerade von Köln/von zu Hause.;from/of (Felix's car, coming from Cologne/home)
vor;Der Termin war vor einer Stunde. / Das Auto steht vor der Tür.;before/in front of (before one hour, in front of door)
der Vorname, -n;Ich heiße Müller, mein Vorname ist Eva.;first name (given name)
die Vorsicht;Vorsicht! Da kommt ein Auto.;caution (careful)
(sich) vorstellen;Wir wollen uns kennenlernen. Können Sie sich bitte vorstellen?;to introduce oneself (present yourself)
die Vorwahl;Wie ist die Vorwahl von München?;area code (phone code)
wandern;Wir wandern um den Chiemsee.;to hike (walk in nature)
wann;Wann bist du fertig? / Wann kann ich Sie anrufen? / Wann sind Sie geboren?;when (what time)
warten;Können Sie ein paar Minuten warten? / Auf wen warten Sie?;to wait (wait for someone)
warum;Warum kommt er nicht?;why (for what reason)
was;Was ist das? / Was möchten Sie?;what (what is that, what do you want)
was für ein;Was für eine Farbe möchten Sie?;what kind of (what color)
(sich) waschen;Wo kann ich mir die Hände waschen? / Ich muss morgen waschen.;to wash (wash hands, do laundry)
das Wasser;Ein Glas Wasser, bitte.;water (liquid)
weh tun;Ich muss zum Arzt. Mein Bein tut weh.;to hurt (be in pain)
weiblich;Kreuzen Sie bitte an: „weiblich“ oder „männlich“.;female (feminine)
der Wein;Nein danke, ich möchte keinen Wein.;wine (beverage)
weit;Zum Bahnhof ist es nicht weit.;far (distant)
weiter;Der Bus fährt nicht weiter.;further (continue)
welch-;Welches Buch möchtest du?;which (which book)
die Welt;Es gibt viele Probleme auf der Welt.;world (earth)
wenig;Ich habe leider nur wenig verstanden. / Er verdient wenig.;little (not much)
wer;Wer ist das?;who (which person)
werden;Mein Sohn will Arzt werden.;to become (will become)
das Wetter;Wir hatten schlechtes Wetter.;weather (conditions)
wichtig;Dieses Formular ist sehr wichtig.;important (significant)
wie;Wie heißt du? / Er schreibt wie ein Kind. / Meine Frau ist so groß wie ich. / Wie soll ich das machen? / Wie groß ist die Wohnung? / Wie bitte? / Wie lange bist du schon hier?;how/as (how are you, writes like, as tall as, how should I, how big, pardon, how long)
wiederholen;Können Sie das bitte wiederholen?;to repeat (say again)
das Wiederhören;Wir müssen jetzt Schluss machen. / Also auf Wiederhören!;goodbye (phone farewell)
das Wiedersehen;Auf Wiedersehen!;goodbye (farewell)
wie viel;Wie viel Milch nehmen Sie?;how much (quantity)
willkommen;Herzlich willkommen!;welcome (greeting)
der Wind;Der Wind kommt aus Osten.;wind (air movement)
wir;Wir lernen Deutsch.;we (first person plural)
wissen;Weißt du, wie er heißt?;to know (have knowledge)
wo;Wo waren Sie im Urlaub? / Wo ist die Post? / Wo sind Sie geboren?;where (what place)
woher;Woher kommen Sie?;where from (origin)
wohin;Wohin fährt dieser Bus? / Wohin wollen Sie am Wochenende?;where to (destination)
wohnen;Ich wohne in München.;to live (reside)
die Wohnung, -en;Seit wann haben Sie diese Wohnung? ;apartment (flat)
wollen;Wollen Sie einen Kaffee trinken?;to want (desire)
das Wort, -ö, er/-e;Ich kenne das Wort nicht.;word (vocabulary)
wunderbar;Das Essen schmeckt wunderbar.;wonderful (excellent)
zahlen;Zahlen, bitte!;to pay (make payment)
die Zeit;Ich habe heute keine Zeit.;time (period)
zurzeit;Zurzeit habe ich sehr viel zu tun.;currently (at present)
die Zeitung, -en;Ich lese gern Zeitung.;newspaper (publication)
die Zigarette, -n;Wie teuer sind die Zigaretten?;cigarette (tobacco)
das Zimmer, –;Das Zimmer ist groß. / Öffne im Schlafzimmer das Fenster, bitte! / Die Wohnung hat drei Zimmer. / Ich habe ein Zimmer bestellt.;room (bedroom, room in apartment, hotel room)
der Zoll;Wir müssen noch durch den Zoll.;customs (border control)
zu;Der Bus fährt zum Bahnhof. / Ich gehe zu Fuß. / Ich bin zu Hause.;to/at (to the station, on foot, at home)
zufrieden;Ich bin mit der Wohnung zufrieden.;satisfied (pleased)
der Zug, -ü, e;Ich fahre gern mit dem Zug.;train (railway)
zurück;Einmal Frankfurt und zurück. / Wann kommst du zurück?;back/return (one-way and return, come back)
zusammen;Sollen wir zusammen essen gehen? / Das macht zusammen 2 Euro 80.;together (with each other, total price)
zwischen;Heidelberg liegt zwischen Frankfurt und Stuttgart. / Zwischen 8 und 10 Uhr bin ich zu Hause.;between (between cities, between times)
